Name,Slug,Collection ID,Locale ID,Item ID,Archived,Draft,Created On,Updated On,Published On,Year,Location,Region,Purchaser |,Designer |,Does it have Image Rights,Project Type 1,Project Type 2,Project Type 3,Link to Project Page,Bespoke?,Bespoke Tags,Collections?,Collections Tags,Project Hero
11 Howard,11-howard,68a38ed603dbf9348072fa59,66ec4fa5d4e30b5b222904a7,68c1b6ceb9431338862e203c,false,false,Wed Sep 10 2025 17:35:10 GMT+0000 (Coordinated Universal Time),Wed Sep 10 2025 18:06:22 GMT+0000 (Coordinated Universal Time),Wed Sep 10 2025 18:08:15 GMT+0000 (Coordinated Universal Time),2016,"New York, New York, USA",Americas,,Space Copenhagen,true,Hotel,,,https://www.stellarworks-bespoke.com/projects/11-howard,Yes,case-goods,Yes,no-image-ren-dining-chair; ren-dining-armchair; ren-lounge-chair-two-seater; lunar-collection,https://cdn.prod.website-files.com/66ec4fa5d4e30b5b222904a8/68c1b736d36d97b93741f6ea_11%20Howard%20Hotel%20Project%20Image%2006.webp
64 University Place,64-university-place,68a38ed603dbf9348072fa59,66ec4fa5d4e30b5b222904a7,68a72b3b461b97699ede0d6a,false,false,Thu Aug 21 2025 14:20:43 GMT+0000 (Coordinated Universal Time),Thu Sep 04 2025 19:34:04 GMT+0000 (Coordinated Universal Time),Thu Sep 04 2025 19:40:24 GMT+0000 (Coordinated Universal Time),2023,"New York, New York, USA",Americas,,Space Copenhagen,false,Residence,,,,No,bespoke,Yes,slow-dining-armchair,
AC Hotel Downtown LA,ac-hotel-downtown-la,68a38ed603dbf9348072fa59,66ec4fa5d4e30b5b222904a7,68a4bd8ae6f77e30030dd266,false,false,Tue Aug 19 2025 18:08:10 GMT+0000 (Coordinated Universal Time),Thu Sep 04 2025 19:32:48 GMT+0000 (Coordinated Universal Time),Thu Sep 04 2025 19:40:24 GMT+0000 (Coordinated Universal Time),2023,"Los Angeles, California, USA",Americas,HPG International,Yabu Pushelberg,true,Hotel,,,https://www.stellarworks-bespoke.com/projects/ac-hotel-downtown-la,Yes,case-goods; soft-seating,Yes,blink-dining-chair; taylor-bar-chair; taylor-dining-chair,https://cdn.prod.website-files.com/66ec4fa5d4e30b5b222904a8/68b0873d9266404ee4539255_AC%20Downtown%20LA%20Project%20Image%2008.webp
Aman Residences Tokyo,aman-residences-tokyo,68a38ed603dbf9348072fa59,66ec4fa5d4e30b5b222904a7,68a72f853d9336dd17f83025,false,false,Thu Aug 21 2025 14:39:01 GMT+0000 (Coordinated Universal Time),Thu Sep 04 2025 19:34:09 GMT+0000 (Coordinated Universal Time),Thu Sep 04 2025 19:40:24 GMT+0000 (Coordinated Universal Time),2024,"Tokyo, Japan",Asia,,Yabu Pushelberg,false,Hotel,F&B,,,No,,Yes,taylor-collection,
Baccarat Hotel,baccarat-hotel,68a38ed603dbf9348072fa59,66ec4fa5d4e30b5b222904a7,68a732ac9536f8a28a3e0f11,false,false,Thu Aug 21 2025 14:52:28 GMT+0000 (Coordinated Universal Time),Thu Sep 04 2025 19:34:19 GMT+0000 (Coordinated Universal Time),Thu Sep 04 2025 19:40:24 GMT+0000 (Coordinated Universal Time),2021,"New York, New York, USA",Americas,,Gilles et Boisier,false,Hotel,F&B,,,Yes,bespoke,No,,
Balthazar Denmark,balthazar-denmark,68a38ed603dbf9348072fa59,66ec4fa5d4e30b5b222904a7,68a732ecd971f6dcc58a2ca2,false,false,Thu Aug 21 2025 14:53:32 GMT+0000 (Coordinated Universal Time),Thu Sep 11 2025 14:50:50 GMT+0000 (Coordinated Universal Time),Thu Sep 11 2025 14:51:47 GMT+0000 (Coordinated Universal Time),2013,"Copenhagen, Denmark",Europe,,Space Copenhagen,true,F&B,,,https://www.stellarworks-bespoke.com/projects/balthazar,No,,Yes,lunar-bar-chair,https://cdn.prod.website-files.com/66ec4fa5d4e30b5b222904a8/68b088283ccdc5fa7ca18942_Balthazar_Champagne_Bar.jpg
Benedict Noordwijk Hotel,benedict-noordwijk-hotel,68a38ed603dbf9348072fa59,66ec4fa5d4e30b5b222904a7,68a736bf619c574ababe1687,false,false,Thu Aug 21 2025 15:09:51 GMT+0000 (Coordinated Universal Time),Thu Sep 04 2025 19:34:33 GMT+0000 (Coordinated Universal Time),Thu Sep 04 2025 19:40:24 GMT+0000 (Coordinated Universal Time),2021,"Noordwijk, Netherlands",Europe,,Studio Linse,false,Hotel,,,,No,,Yes,dowry-shelf; freja-bar-stool; slow-dining-armchair,
Bisha Hotel,bisha-hotel,68a38ed603dbf9348072fa59,66ec4fa5d4e30b5b222904a7,68a738f94f10a3b5caf31152,false,false,Thu Aug 21 2025 15:19:21 GMT+0000 (Coordinated Universal Time),Thu Sep 04 2025 19:34:41 GMT+0000 (Coordinated Universal Time),Thu Sep 04 2025 19:40:24 GMT+0000 (Coordinated Universal Time),2017,"Toronto, Ontario, Canada",Americas,,Alessandro Munge,false,Hotel,,,,Yes,bespoke,No,,
Bourbon Steak - Essex House,bourbon-steak---essex-house,68a38ed603dbf9348072fa59,66ec4fa5d4e30b5b222904a7,68a4a6ff138e027d972f1318,false,false,Tue Aug 19 2025 16:31:59 GMT+0000 (Coordinated Universal Time),Thu Sep 04 2025 19:30:50 GMT+0000 (Coordinated Universal Time),Thu Sep 04 2025 19:40:24 GMT+0000 (Coordinated Universal Time),2024,"New York, New York, USA",Americas,Goodshop,AvroKO,true,F&B,,,https://www.stellarworks-bespoke.com/projects/bourbon-steak,Yes,case-goods; banquettes; soft-seating,No,,https://cdn.prod.website-files.com/66ec4fa5d4e30b5b222904a8/68b086fb76be3f62582d2e4c_Bourbon%20Steak%20Essex%20House%20Project%20Image%2002.1.webp
CTRL Collective,ctrl-collective,68a38ed603dbf9348072fa59,66ec4fa5d4e30b5b222904a7,68a74e6b86f196517ba7c6b7,false,false,Thu Aug 21 2025 16:50:51 GMT+0000 (Coordinated Universal Time),Thu Sep 04 2025 19:35:40 GMT+0000 (Coordinated Universal Time),Thu Sep 04 2025 19:40:24 GMT+0000 (Coordinated Universal Time),2018,"Pasadena, California, USA",Americas,,Crème,true,Workplace,,,,No,,Yes,exchange-lounge-chair,
Cathedrale Restaurant,cathedrale-restaurant,68a38ed603dbf9348072fa59,66ec4fa5d4e30b5b222904a7,68a739a9aabe7a9cab7f7040,false,false,Thu Aug 21 2025 15:22:17 GMT+0000 (Coordinated Universal Time),Thu Sep 04 2025 19:34:50 GMT+0000 (Coordinated Universal Time),Thu Sep 04 2025 19:40:24 GMT+0000 (Coordinated Universal Time),2019,"New York, New York, USA",Americas,,Rockwell Group,false,F&B,,,,Yes,bespoke,No,,
Cavallo Point,cavallo-point,68a38ed603dbf9348072fa59,66ec4fa5d4e30b5b222904a7,68a73b08be5164bc6f0e1064,false,false,Thu Aug 21 2025 15:28:08 GMT+0000 (Coordinated Universal Time),Thu Sep 04 2025 19:35:28 GMT+0000 (Coordinated Universal Time),Thu Sep 04 2025 19:40:24 GMT+0000 (Coordinated Universal Time),2022,"Sausalito, California, USA",Americas,,Ishihara Wilson,false,F&B,Hotel,,,Yes,bespoke,Yes,blink-lounge-chair,
Clayton Members Club,clayton-members-club,68a38ed603dbf9348072fa59,66ec4fa5d4e30b5b222904a7,68a7428295388fe2e36a8721,false,false,Thu Aug 21 2025 16:00:02 GMT+0000 (Coordinated Universal Time),Thu Sep 04 2025 19:35:02 GMT+0000 (Coordinated Universal Time),Thu Sep 04 2025 19:40:24 GMT+0000 (Coordinated Universal Time),2022,"Denver, Colorado, USA",Americas,,AvroKO,true,Hotel,F&B,,,Yes,guest-rooms,Yes,boyd-bar-chair; conrad-shenzen-alva-lounge-chair,https://cdn.prod.website-files.com/66ec4fa5d4e30b5b222904a8/68b08845d0806bdf42032cdd_Clayton%20Members%20Club%20Project%20Image%2005.webp
Cocktail Kitchen,cocktail-kitchen,68a38ed603dbf9348072fa59,66ec4fa5d4e30b5b222904a7,68a74696bc42b4203613224d,false,false,Thu Aug 21 2025 16:17:26 GMT+0000 (Coordinated Universal Time),Thu Sep 04 2025 19:35:07 GMT+0000 (Coordinated Universal Time),Thu Sep 04 2025 19:40:24 GMT+0000 (Coordinated Universal Time),2016,"Dubai, UAE",Middle East,,Anarchitect,false,F&B,,,,No,,Yes,utility-bar-chair; utility-dining-chair,
Como Como,como-como,68a38ed603dbf9348072fa59,66ec4fa5d4e30b5b222904a7,68a748337a864599a5833997,false,false,Thu Aug 21 2025 16:24:19 GMT+0000 (Coordinated Universal Time),Thu Sep 04 2025 19:35:12 GMT+0000 (Coordinated Universal Time),Thu Sep 04 2025 19:40:24 GMT+0000 (Coordinated Universal Time),2024,"Miami, Florida, USA",Americas,,Saladino Design Studios,true,F&B,,,,Yes,bespoke,No,,https://cdn.prod.website-files.com/66ec4fa5d4e30b5b222904a8/68b0886a95aaf4f43e70df8a_Como%20Como%20Moxy%20South%20Beach%20Project%20Image%2009.webp
Conrad Shenzen,conrad-shenzen,68a38ed603dbf9348072fa59,66ec4fa5d4e30b5b222904a7,68a74aa2dc9c466a3dbe1301,false,false,Thu Aug 21 2025 16:34:42 GMT+0000 (Coordinated Universal Time),Thu Sep 04 2025 19:35:19 GMT+0000 (Coordinated Universal Time),Thu Sep 04 2025 19:40:24 GMT+0000 (Coordinated Universal Time),2024,"Shenzen, China",Asia,,Yabu Pushelberg,false,F&B,Hotel,,,Yes,bespoke,Yes,conrad-shenzen-blink-bar-stool; conrad-shenzen-alva-lounge-chair; james-stool; taylor-sofa-one-seater,
Copenhagen Admiral Hotel,copenhagen-admiral-hotel,68a38ed603dbf9348072fa59,66ec4fa5d4e30b5b222904a7,68a74d470f5432199aa5305d,false,false,Thu Aug 21 2025 16:45:59 GMT+0000 (Coordinated Universal Time),Thu Sep 04 2025 19:35:51 GMT+0000 (Coordinated Universal Time),Thu Sep 04 2025 19:40:24 GMT+0000 (Coordinated Universal Time),2020,"Copenhagen, Denmark",Europe,,"Nicolai Eigtved, Lauritz de Thurah",false,Hotel,,,,No,,Yes,ren-lounge-chair,
Dubai Opera Loft,dubai-opera-loft,68a38ed603dbf9348072fa59,66ec4fa5d4e30b5b222904a7,68a752ba3a9cdbdea1b237f2,false,false,Thu Aug 21 2025 17:09:14 GMT+0000 (Coordinated Universal Time),Thu Sep 04 2025 19:36:05 GMT+0000 (Coordinated Universal Time),Thu Sep 04 2025 19:40:24 GMT+0000 (Coordinated Universal Time),2018,"Dubai, UAE",Middle East,,"Tribe Studio, Alexander&Co",false,F&B,Entertainment,,,Yes,bespoke,Yes,lunar-bar-chair,
Dunhill Global Headquarters,dunhill-global-headquarters,68a38ed603dbf9348072fa59,66ec4fa5d4e30b5b222904a7,68a7631210bf208a100ca7e5,false,false,Thu Aug 21 2025 18:18:58 GMT+0000 (Coordinated Universal Time),Thu Sep 04 2025 19:36:14 GMT+0000 (Coordinated Universal Time),Thu Sep 04 2025 19:40:24 GMT+0000 (Coordinated Universal Time),2018,"London, United Kingdom",Europe,,MoreySmith,false,Workplace,,,,No,,Yes,no-image-ren-dining-chair,
Dusit Thani Bangkok,dusit-thani-bangkok,68a38ed603dbf9348072fa59,66ec4fa5d4e30b5b222904a7,68a4a3166063e01d0a787fe6,false,false,Tue Aug 19 2025 16:15:18 GMT+0000 (Coordinated Universal Time),Thu Sep 04 2025 19:30:43 GMT+0000 (Coordinated Universal Time),Thu Sep 04 2025 19:40:24 GMT+0000 (Coordinated Universal Time),2024,"Bangkok, Thailand",Asia,Arkitektura,Andre Fu Studio,true,F&B,,,https://www.stellarworks-bespoke.com/projects/dusit-thani-bangkok,Yes,banquettes; case-goods; outdoor-furniture; soft-seating,Yes,arc-sofa-three-seater; lunar-dining-chair,https://cdn.prod.website-files.com/66ec4fa5d4e30b5b222904a8/68b07f7298246cbfe9f57edc_Dusit%20Thani%20Bangkok%20Project%20Image%2003.webp
Edelman Offices,edelman-offices,68a38ed603dbf9348072fa59,66ec4fa5d4e30b5b222904a7,68a764b03b3bd050496376f0,false,false,Thu Aug 21 2025 18:25:52 GMT+0000 (Coordinated Universal Time),Thu Sep 04 2025 19:36:24 GMT+0000 (Coordinated Universal Time),Thu Sep 04 2025 19:40:24 GMT+0000 (Coordinated Universal Time),2017,"Abu Dhabi, UAE",Middle East,,Pallavi Dean Interiors,false,Workplace,,,,No,,Yes,qt-chair,
Eleven Madison Park,eleven-madison-park,68a38ed603dbf9348072fa59,66ec4fa5d4e30b5b222904a7,68a769b0381f53e599f92c29,false,false,Thu Aug 21 2025 18:47:12 GMT+0000 (Coordinated Universal Time),Thu Sep 04 2025 19:36:28 GMT+0000 (Coordinated Universal Time),Thu Sep 04 2025 19:40:24 GMT+0000 (Coordinated Universal Time),2015,"New York, New York, USA",Americas,,Allied Works,false,F&B,,,,Yes,bespoke,No,,
Elia On The River,elia-on-the-river,68a38ed603dbf9348072fa59,66ec4fa5d4e30b5b222904a7,68a5f8ca330b61592c961d74,false,false,Wed Aug 20 2025 16:33:14 GMT+0000 (Coordinated Universal Time),Thu Sep 04 2025 19:33:42 GMT+0000 (Coordinated Universal Time),Thu Sep 04 2025 19:40:24 GMT+0000 (Coordinated Universal Time),2024,"Miami, Florida, USA",Americas,Saladino Design Studios,Saladino Design Studios,true,F&B,,,https://www.stellarworks-bespoke.com/projects/elia-on-the-river,Yes,case-goods; soft-seating; outdoor-furniture,No,,https://cdn.prod.website-files.com/66ec4fa5d4e30b5b222904a8/68b087dab8743a91283bcbb1_Elia%20on%20the%20River%20Project%20Image%2001.webp
Erba,erba,68a38ed603dbf9348072fa59,66ec4fa5d4e30b5b222904a7,68a5f73f9ac34c88d7fed172,false,false,Wed Aug 20 2025 16:26:39 GMT+0000 (Coordinated Universal Time),Thu Sep 04 2025 19:33:35 GMT+0000 (Coordinated Universal Time),Thu Sep 04 2025 19:40:24 GMT+0000 (Coordinated Universal Time),2023,"Miami, Florida, USA",Americas,Saladino Design Studios,Saladino Design Studios,true,F&B,,,https://www.stellarworks-bespoke.com/projects/erba-miami,Yes,case-goods; soft-seating,No,,https://cdn.prod.website-files.com/66ec4fa5d4e30b5b222904a8/68b087cfad12776517ad3b03_Erba%20Miami%20Project%20Image%2002.webp
Fairmont Century Plaza,fairmont-century-plaza,68a38ed603dbf9348072fa59,66ec4fa5d4e30b5b222904a7,68a7761e5fd67a5a9c03f8e4,false,false,Thu Aug 21 2025 19:40:14 GMT+0000 (Coordinated Universal Time),Thu Sep 04 2025 19:37:02 GMT+0000 (Coordinated Universal Time),Thu Sep 04 2025 19:40:24 GMT+0000 (Coordinated Universal Time),2021,"Los Angeles, California, USA",Americas,,Yabu Pushelberg,false,Hotel,,,,Yes,bespoke,Yes,taylor-collection,
Five Palm Jumeirah Dubai,five-palm-jumeirah-dubai,68a38ed603dbf9348072fa59,66ec4fa5d4e30b5b222904a7,68a776d846e0ae6c989c856d,false,false,Thu Aug 21 2025 19:43:20 GMT+0000 (Coordinated Universal Time),Thu Sep 04 2025 19:37:07 GMT+0000 (Coordinated Universal Time),Thu Sep 04 2025 19:40:24 GMT+0000 (Coordinated Universal Time),2024,"Dubai, UAE",Middle East,,Yabu Pushelberg,false,Hotel,F&B,,,No,,Yes,lunar-collection,
Fosbury & Sons Albert,fosbury-and-sons-albert,68a38ed603dbf9348072fa59,66ec4fa5d4e30b5b222904a7,68a77aa0a2608465a251bdbb,false,false,Thu Aug 21 2025 19:59:28 GMT+0000 (Coordinated Universal Time),Thu Sep 04 2025 19:37:13 GMT+0000 (Coordinated Universal Time),Thu Sep 04 2025 19:40:24 GMT+0000 (Coordinated Universal Time),2017,"Brussels, Belgium",Europe,,Going East Architecture Studio,false,F&B,,,,No,,Yes,no-image-ren-dining-chair,
Four Seasons Hotel Kuwait,four-seasons-hotel-kuwait,68a38ed603dbf9348072fa59,66ec4fa5d4e30b5b222904a7,68a77b935df853d7e8e52bce,false,false,Thu Aug 21 2025 20:03:31 GMT+0000 (Coordinated Universal Time),Thu Sep 04 2025 19:37:19 GMT+0000 (Coordinated Universal Time),Thu Sep 04 2025 19:40:24 GMT+0000 (Coordinated Universal Time),2017,"Kuwait City, Kuwait",Middle East,,"Yabu Pushelberg, Gensler",false,Hotel,F&B,,,Yes,bespoke,Yes,lunar-collection,
Glass House,glass-house,68a38ed603dbf9348072fa59,66ec4fa5d4e30b5b222904a7,68a77d8bc8e5e19116d148a5,false,false,Thu Aug 21 2025 20:11:55 GMT+0000 (Coordinated Universal Time),Thu Sep 04 2025 19:37:26 GMT+0000 (Coordinated Universal Time),Thu Sep 04 2025 19:40:24 GMT+0000 (Coordinated Universal Time),2016,"Cambridge, Massachusetts",Americas,,Hacin,false,F&B,,,,No,,Yes,utility-bar-chair,
Grand Hyatt Hong Kong,grand-hyatt-hong-kong,68a38ed603dbf9348072fa59,66ec4fa5d4e30b5b222904a7,68a77e1f7804d628a440ecb0,false,false,Thu Aug 21 2025 20:14:23 GMT+0000 (Coordinated Universal Time),Thu Sep 04 2025 19:37:34 GMT+0000 (Coordinated Universal Time),Thu Sep 04 2025 19:40:24 GMT+0000 (Coordinated Universal Time),2018,Hong Kong,Asia,,M Moser Associates,false,Hotel,F&B,,,Yes,bespoke,Yes,ren-lounge-chair,
HOST on Howard,host-on-howard,68a38ed603dbf9348072fa59,66ec4fa5d4e30b5b222904a7,68a7800ba2c2794d426e79d7,false,false,Thu Aug 21 2025 20:22:35 GMT+0000 (Coordinated Universal Time),Thu Sep 04 2025 19:37:41 GMT+0000 (Coordinated Universal Time),Thu Sep 04 2025 19:40:24 GMT+0000 (Coordinated Universal Time),2024,"New York, New York, USA",Americas,,AvroKO,true,F&B,Entertainment,,,Yes,bespoke,Yes,alva-sofa; boyd-bar-chair; sloane-dining-armchair,https://cdn.prod.website-files.com/66ec4fa5d4e30b5b222904a8/68a87bf5efd37939b181c9f4_Avroko_11122024-039-Edit_LR.jpg
Hotel Kong Arthur,hotel-king-arthur,68a38ed603dbf9348072fa59,66ec4fa5d4e30b5b222904a7,68a87e116fdcc22857e6ccdc,false,false,Fri Aug 22 2025 14:26:25 GMT+0000 (Coordinated Universal Time),Mon Sep 08 2025 15:31:03 GMT+0000 (Coordinated Universal Time),Tue Sep 09 2025 19:09:22 GMT+0000 (Coordinated Universal Time),2021,"Copenhagen, Denmark",Europe,,OEO Studio,true,Hotel,,,,Yes,bespoke,Yes,lunar-collection,https://cdn.prod.website-files.com/66ec4fa5d4e30b5b222904a8/68a87f2da4ab06d093a63fc1_Hotel%20Kong%20Arthur%20Project%20Image%2005.webp
Hotel Toranomon Hills Tokyo,hotel-toranomon-hills-tokyo,68a38ed603dbf9348072fa59,66ec4fa5d4e30b5b222904a7,68a87fa9c885546e5fbc5665,false,false,Fri Aug 22 2025 14:33:13 GMT+0000 (Coordinated Universal Time),Thu Sep 04 2025 19:37:51 GMT+0000 (Coordinated Universal Time),Thu Sep 04 2025 19:40:24 GMT+0000 (Coordinated Universal Time),2023,"Tokyo, Japan",Asia,,Space Copenhagen,false,Hotel,,,,Yes,bespoke,Yes,slow-dining-chair,
Hyatt Centric,hyatt-centric-khrp6,68a38ed603dbf9348072fa59,66ec4fa5d4e30b5b222904a7,68a8803ca66061ea938f31a7,false,false,Fri Aug 22 2025 14:35:40 GMT+0000 (Coordinated Universal Time),Wed Sep 10 2025 17:50:28 GMT+0000 (Coordinated Universal Time),Wed Sep 10 2025 17:53:36 GMT+0000 (Coordinated Universal Time),2020,"Philadelphia, Pennsylvania, USA",Americas,Hyatt,Crème,true,Hotel,,,https://www.stellarworks-bespoke.com/projects/hyatt-centric,Yes,case-goods; soft-seating,Yes,exchange-bar-chair; exchange-lounge-chair; exchange-dining-chair,https://cdn.prod.website-files.com/66ec4fa5d4e30b5b222904a8/68c1ba612456bc6c9c8afaf4_Hyatt%20Centric%20Project%20Image%2006.webp
Inhabit Hotel,inhabit-hotel,68a38ed603dbf9348072fa59,66ec4fa5d4e30b5b222904a7,68a8829b3f8924275e6d24ec,false,false,Fri Aug 22 2025 14:45:47 GMT+0000 (Coordinated Universal Time),Thu Sep 04 2025 19:38:23 GMT+0000 (Coordinated Universal Time),Thu Sep 04 2025 19:40:24 GMT+0000 (Coordinated Universal Time),2022,"London, UK",Europe,,Holland Harvey,false,Hotel,,,,No,,Yes,ren-bench; ren-lounge-chair,
Janu Tokyo,janu-tokyo,68a38ed603dbf9348072fa59,66ec4fa5d4e30b5b222904a7,68a883ba6829e88185e51a5e,false,false,Fri Aug 22 2025 14:50:34 GMT+0000 (Coordinated Universal Time),Thu Sep 04 2025 19:38:28 GMT+0000 (Coordinated Universal Time),Thu Sep 04 2025 19:40:24 GMT+0000 (Coordinated Universal Time),2024,"Tokyo, Japan",Asia,,Denniston,false,Hotel,F&B,,,Yes,bespoke,Yes,bund-bar-chair; arc-sofa-high-back,
Japon - Setai Hotel,japon---setai-hotel,68a38ed603dbf9348072fa59,66ec4fa5d4e30b5b222904a7,68a5e5e0c22de66110a35d54,false,false,Wed Aug 20 2025 15:12:32 GMT+0000 (Coordinated Universal Time),Thu Sep 04 2025 19:33:01 GMT+0000 (Coordinated Universal Time),Thu Sep 04 2025 19:40:24 GMT+0000 (Coordinated Universal Time),2024,"Miami, Florida USA",Americas,Saladino Design Studios,Saladino Design Studios,true,F&B,,,https://www.stellarworks-bespoke.com/projects/japon-setai-hotel,Yes,case-goods; soft-seating,No,,https://cdn.prod.website-files.com/66ec4fa5d4e30b5b222904a8/68b0878fb09b4d961b4abcdd_Japon%20Hotel%20Project%20Image%2005.webp
Kempinski,kempinski,68a38ed603dbf9348072fa59,66ec4fa5d4e30b5b222904a7,68a888edc0ef77b7eb36d5fa,false,false,Fri Aug 22 2025 15:12:45 GMT+0000 (Coordinated Universal Time),Thu Sep 04 2025 19:38:40 GMT+0000 (Coordinated Universal Time),Thu Sep 04 2025 19:40:24 GMT+0000 (Coordinated Universal Time),2017,"Beirut, Lebanon",Americas,,Hirsch Bedner Associates,false,Hotel,,,,Yes,bespoke,No,,
L'Amico - The Kimpton Hotel,lamico---the-kimpton-hotel,68a38ed603dbf9348072fa59,66ec4fa5d4e30b5b222904a7,68a88c2c9e6c9ac659d6a2d0,false,false,Fri Aug 22 2025 15:26:36 GMT+0000 (Coordinated Universal Time),Thu Sep 04 2025 19:38:45 GMT+0000 (Coordinated Universal Time),Thu Sep 04 2025 19:40:24 GMT+0000 (Coordinated Universal Time),2015,"New York, New York USA",Americas,,Crème,true,F&B,,,,No,,Yes,exchange-dining-chair,https://cdn.prod.website-files.com/66ec4fa5d4e30b5b222904a8/68b08921dbd5e737b370894b_L%27Amico%20The%20Kimpton%20Hotel%20Project%20Image%2005.2.webp
La Padrona - Raffles Boston,la-padrona-raffles-boston,68a38ed603dbf9348072fa59,66ec4fa5d4e30b5b222904a7,68a8875162676cc373613007,false,false,Fri Aug 22 2025 15:05:53 GMT+0000 (Coordinated Universal Time),Wed Sep 10 2025 17:30:17 GMT+0000 (Coordinated Universal Time),Wed Sep 10 2025 17:32:50 GMT+0000 (Coordinated Universal Time),2024,"Boston, Massachusetts",Americas,,AvroKO,false,Hotel,F&B,,https://www.stellarworks-bespoke.com/projects/la-padrona-raffles-boston,Yes,bespoke,Yes,utility-bar-chair; lunar-collection,https://cdn.prod.website-files.com/66ec4fa5d4e30b5b222904a8/68c1b5a62db01d13709e5e90_La%20Padrona%20Project%20Image%2002.1.webp
Le Méridien Étoile,le-meridien-etoile,68a38ed603dbf9348072fa59,66ec4fa5d4e30b5b222904a7,68a88d1dbda32653383f018c,false,false,Fri Aug 22 2025 15:30:37 GMT+0000 (Coordinated Universal Time),Thu Sep 04 2025 19:38:52 GMT+0000 (Coordinated Universal Time),Thu Sep 04 2025 19:40:24 GMT+0000 (Coordinated Universal Time),2016,"Paris, France",Europe,,Jean Philippe Nuel,false,Hotel,,,,No,,Yes,utility-bar-chair; no-image-ren-dining-chair,
Louisiana Museum of Modern Art,louisiana-museum-of-modern-art,68a38ed603dbf9348072fa59,66ec4fa5d4e30b5b222904a7,68a88ee4af6cb940cb5b9917,false,false,Fri Aug 22 2025 15:38:12 GMT+0000 (Coordinated Universal Time),Thu Sep 04 2025 19:38:58 GMT+0000 (Coordinated Universal Time),Thu Sep 04 2025 19:40:24 GMT+0000 (Coordinated Universal Time),2018,"Copenhagen, Denmark",Europe,,Vilhelm Wohlert,false,Public Space,,,,No,,Yes,wohlert-collection,
Mammertsberg Restaurant,mammertsberg-restaurant,68a38ed603dbf9348072fa59,66ec4fa5d4e30b5b222904a7,68b75f9a202d93ecb012becd,false,false,Tue Sep 02 2025 21:20:26 GMT+0000 (Coordinated Universal Time),Tue Sep 02 2025 21:23:57 GMT+0000 (Coordinated Universal Time),Wed Sep 03 2025 19:36:16 GMT+0000 (Coordinated Universal Time),2022,"Freidorf, Switzerland",Europe,,Space Copenhagen,true,F&B,,,,Yes,bespoke,Yes,no-image-ren-dining-chair,https://cdn.prod.website-files.com/66ec4fa5d4e30b5b222904a8/68b760170a62232233d768df_Mammertsberg%20Restaurant%20Project%20Image%2001.webp
Marriot Hotel Copenhagen,marriot-hotel-copenhagen,68a38ed603dbf9348072fa59,66ec4fa5d4e30b5b222904a7,68b76082391c7f52b85bde42,false,false,Tue Sep 02 2025 21:24:18 GMT+0000 (Coordinated Universal Time),Tue Sep 02 2025 21:25:27 GMT+0000 (Coordinated Universal Time),Wed Sep 03 2025 19:36:16 GMT+0000 (Coordinated Universal Time),2024,"Copenhagen, Denmark",Europe,,Urban Agency,false,F&B,Hotel,,,Yes,bespoke,No,,
Mezcalista,mezcalista,68a38ed603dbf9348072fa59,66ec4fa5d4e30b5b222904a7,68b760d591f5ac5c54f4d088,false,false,Tue Sep 02 2025 21:25:41 GMT+0000 (Coordinated Universal Time),Tue Sep 02 2025 21:27:24 GMT+0000 (Coordinated Universal Time),Wed Sep 03 2025 19:36:16 GMT+0000 (Coordinated Universal Time),2024,"Miami, Florida, USA",Americas,,Saladino Design Studios,true,F&B,,,,Yes,bespoke,No,,https://cdn.prod.website-files.com/66ec4fa5d4e30b5b222904a8/68b7611b4f2671c1f8fcb323_Mezcalista%20Moxy%20Miami%20South%20Beach%20Project%20Image%2004.webp
Moet et Chandon Bar,moet-et-chandon-bar,68a38ed603dbf9348072fa59,66ec4fa5d4e30b5b222904a7,68b761733988839a2ef75c96,false,false,Tue Sep 02 2025 21:28:19 GMT+0000 (Coordinated Universal Time),Tue Sep 02 2025 21:29:16 GMT+0000 (Coordinated Universal Time),Wed Sep 03 2025 19:36:16 GMT+0000 (Coordinated Universal Time),2023,"Berlin, Germany",Europe,,Yabu Pushelberg,false,F&B,,,,Yes,bespoke,Yes,conrad-shenzen-blink-bar-stool,
Moxy Downtown LA,moxy-downtown-la,68a38ed603dbf9348072fa59,66ec4fa5d4e30b5b222904a7,68a5ec6986ec9267e3c2ea40,false,true,Wed Aug 20 2025 15:40:25 GMT+0000 (Coordinated Universal Time),Thu Sep 04 2025 19:33:13 GMT+0000 (Coordinated Universal Time),Thu Sep 04 2025 19:33:13 GMT+0000 (Coordinated Universal Time),2023,"Los Angeles, California, USA",Americas,HPG International,Yabu Pushelberg,true,Hotel,,,https://www.stellarworks-bespoke.com/projects/moxy-downtown-la,Yes,case-goods; soft-seating; guest-rooms,Yes,taylor-dining-chair,https://cdn.prod.website-files.com/66ec4fa5d4e30b5b222904a8/68b087b17a4765b5ee31eddb_Moxy%20Downtown%20LA%20Project%20Image%2002.webp
Moxy LES,moxy-les,68a38ed603dbf9348072fa59,66ec4fa5d4e30b5b222904a7,68b761e2e740bd2af57b8417,false,true,Tue Sep 02 2025 21:30:10 GMT+0000 (Coordinated Universal Time),Tue Sep 02 2025 21:31:06 GMT+0000 (Coordinated Universal Time),,2022,"New York, New York, USA",Americas,,"Rockwell Group, Michaelis Boyd",false,Hotel,,,,Yes,bespoke,No,,
Moxy South Beach,moxy-south-beach,68a38ed603dbf9348072fa59,66ec4fa5d4e30b5b222904a7,68b7622e269f766a504013ea,false,false,Tue Sep 02 2025 21:31:26 GMT+0000 (Coordinated Universal Time),Tue Sep 02 2025 21:32:25 GMT+0000 (Coordinated Universal Time),Wed Sep 03 2025 19:36:16 GMT+0000 (Coordinated Universal Time),2021,"Miami, Florida, USA",Americas,,Rockwell Group,false,Hotel,,,,Yes,bespoke,No,,
Nobu Hotel Poland,nobu-hotel-poland,68a38ed603dbf9348072fa59,66ec4fa5d4e30b5b222904a7,68b88ed910d0bb23217fe71e,false,false,Wed Sep 03 2025 18:54:17 GMT+0000 (Coordinated Universal Time),Wed Sep 03 2025 18:56:47 GMT+0000 (Coordinated Universal Time),Wed Sep 03 2025 19:36:16 GMT+0000 (Coordinated Universal Time),2020,"Warsaw, Poland",Europe,,"David Collins Studio, Studio PCH, Medusa Group",false,Hotel,,,,No,,Yes,arc-sofa-loveseat; utility-dining-chair,
Noma,noma,68a38ed603dbf9348072fa59,66ec4fa5d4e30b5b222904a7,68b762883053515c0070d7b1,false,false,Tue Sep 02 2025 21:32:56 GMT+0000 (Coordinated Universal Time),Tue Sep 02 2025 21:36:23 GMT+0000 (Coordinated Universal Time),Wed Sep 03 2025 19:36:16 GMT+0000 (Coordinated Universal Time),2012,"Copenhagen, Denmark",Europe,,Space Copenhagen,true,F&B,,,,No,,Yes,no-image-ren-dining-chair,https://cdn.prod.website-files.com/66ec4fa5d4e30b5b222904a8/68b763511da25c9e05138430_Space%20Copenhagen_Noma4.webp
Noma Kyoto,noma-kyoto,68a38ed603dbf9348072fa59,66ec4fa5d4e30b5b222904a7,68a5ef118b80d532b05d31e4,false,false,Wed Aug 20 2025 15:51:45 GMT+0000 (Coordinated Universal Time),Thu Sep 04 2025 19:33:25 GMT+0000 (Coordinated Universal Time),Thu Sep 04 2025 19:40:24 GMT+0000 (Coordinated Universal Time),2023,"Kyoto, Japan",Asia,UD Hospitality Management,OEO Studio,true,F&B,,,https://www.stellarworks-bespoke.com/projects/noma-kyoto,Yes,case-goods; soft-seating,Yes,aya-dining-table; aya-dining-armchair; slow-dining-armchair,https://cdn.prod.website-files.com/66ec4fa5d4e30b5b222904a8/68b087c0324f3059bddca21d_Noma%20Kyoto%20Project%20Image%2003.webp
Nuri Steakhouse,nuri-steakhouse,68a38ed603dbf9348072fa59,66ec4fa5d4e30b5b222904a7,68a5fd2caf20c8147a8456bf,false,false,Wed Aug 20 2025 16:51:56 GMT+0000 (Coordinated Universal Time),Tue Sep 09 2025 19:00:43 GMT+0000 (Coordinated Universal Time),Tue Sep 09 2025 19:09:22 GMT+0000 (Coordinated Universal Time),2024,"Dallas, Texas, USA",Americas,Goodshop,AvroKO,true,F&B,,,https://www.stellarworks-bespoke.com/projects/nuri-steakhouse,Yes,case-goods; soft-seating,Yes,boyd-dining-table; arc-sofa-loveseat; conrad-shenzen-alva-lounge-chair,https://cdn.prod.website-files.com/66ec4fa5d4e30b5b222904a8/68c07957439c21e719f112b5_Nuri%20Steakhouse%20Project%20Image%2004.1.webp
Oasis 437 Madison,oasis-437-madison,68a38ed603dbf9348072fa59,66ec4fa5d4e30b5b222904a7,68a4cf5ecd61b1e1e18870ca,false,false,Tue Aug 19 2025 19:24:14 GMT+0000 (Coordinated Universal Time),Thu Sep 04 2025 19:32:54 GMT+0000 (Coordinated Universal Time),Thu Sep 04 2025 19:40:24 GMT+0000 (Coordinated Universal Time),2022,"New York, New York, USA",Americas,EvensonBest,Fogarty Finger,true,Workplace,,,https://www.stellarworks-bespoke.com/projects/oasis-437-madison,No,,Yes,blink-counter-chair-sh610; arc-high-back-lounge-chair; arc-lounge-chair; blink-lounge-chair; ren-dining-armchair; valet-club-chair; boyd-bar-chair; lunar-dining-chair,https://cdn.prod.website-files.com/66ec4fa5d4e30b5b222904a8/68b0877f56b9de4ef43560e2_fogarty-finger-oasis-at-437-madison-09-large.jpg
Oasis 767 Third Avenue,oasis-767-third-avenue,68a38ed603dbf9348072fa59,66ec4fa5d4e30b5b222904a7,68a4b2ffcd396360c55ff32b,false,false,Tue Aug 19 2025 17:23:11 GMT+0000 (Coordinated Universal Time),Thu Sep 04 2025 19:32:38 GMT+0000 (Coordinated Universal Time),Thu Sep 04 2025 19:40:24 GMT+0000 (Coordinated Universal Time),2023,"New York, New York, USA",Americas,EvensonBest,Fogarty Finger,true,Workplace,,,https://www.stellarworks-bespoke.com/projects/oasis-767-third-ave,No,,Yes,arc-lounge-chair; arc-high-back-lounge-chair,https://cdn.prod.website-files.com/66ec4fa5d4e30b5b222904a8/68b08724620fb0917c61939f_fogarty-finger-oasis-at-767-third-17-large.jpg
Opus Arisugawa Residence,opus-arisugawa-residence,68a38ed603dbf9348072fa59,66ec4fa5d4e30b5b222904a7,68b7638b2fd4ae5e5e3fca3b,false,false,Tue Sep 02 2025 21:37:15 GMT+0000 (Coordinated Universal Time),Wed Sep 03 2025 13:56:32 GMT+0000 (Coordinated Universal Time),Wed Sep 03 2025 19:36:16 GMT+0000 (Coordinated Universal Time),2021,"Tokyo, Japan",Asia,,"OEO Studio, R100 Tokyo",true,Residence,,,,No,,Yes,taylor-sofa; blink-dining-chair,https://cdn.prod.website-files.com/66ec4fa5d4e30b5b222904a8/68b763f7af411db2d3488e06_Opus%20Arisugawa%20Residence%20Tokyo%20Project%20Image%2001.webp
Paramount Club,paramount-club,68a38ed603dbf9348072fa59,66ec4fa5d4e30b5b222904a7,68b7642ed932658209e5879d,false,false,Tue Sep 02 2025 21:39:58 GMT+0000 (Coordinated Universal Time),Tue Sep 16 2025 14:29:53 GMT+0000 (Coordinated Universal Time),Tue Sep 16 2025 14:29:53 GMT+0000 (Coordinated Universal Time),2024,"New York, New York, USA",Americas,,Manhattan St. Studio,true,F&B,Workplace,,,Yes,bespoke,Yes,conrad-shenzen-alva-lounge-chair; ren-bench; utility-dining-armchair-u,https://cdn.prod.website-files.com/66ec4fa5d4e30b5b222904a8/68b8487244b0429ae98c1f3a_Screen%20Shot%202024-05-04%20at%207.33.35%20AM.png
Park Centraal,park-centraal,68a38ed603dbf9348072fa59,66ec4fa5d4e30b5b222904a7,68b765d466819e0a552438c7,false,false,Tue Sep 02 2025 21:47:00 GMT+0000 (Coordinated Universal Time),Wed Sep 03 2025 13:52:51 GMT+0000 (Coordinated Universal Time),Wed Sep 03 2025 19:36:16 GMT+0000 (Coordinated Universal Time),2020,"Amsterdam, Netherlands",Europe,,FG Stijl,false,Hotel,,,,No,,Yes,chillax-lounge-chair,
Park Hyatt Niseko,park-hyatt-niseko,68a38ed603dbf9348072fa59,66ec4fa5d4e30b5b222904a7,68b88fb72158cbef0e4b25db,false,false,Wed Sep 03 2025 18:57:59 GMT+0000 (Coordinated Universal Time),Wed Sep 03 2025 19:00:41 GMT+0000 (Coordinated Universal Time),Wed Sep 03 2025 19:36:16 GMT+0000 (Coordinated Universal Time),2021,"Hokkaido, Japan",Asia,,Bar Studio,false,Hotel,,,,Yes,bespoke,Yes,lunar-collection; bund-bar-chair,
Park Hyatt Sydney,park-hyatt-sydney,68a38ed603dbf9348072fa59,66ec4fa5d4e30b5b222904a7,68b8906f62e3d56a9b3f0db7,false,false,Wed Sep 03 2025 19:01:03 GMT+0000 (Coordinated Universal Time),Wed Sep 03 2025 19:02:28 GMT+0000 (Coordinated Universal Time),Wed Sep 03 2025 19:36:16 GMT+0000 (Coordinated Universal Time),2012,"Sydney, Australia",Australia,,Bar Studio,false,Hotel,,,,Yes,bespoke,No,,
Park Lane Hotel,park-lane-hotel-rvifj,68a38ed603dbf9348072fa59,66ec4fa5d4e30b5b222904a7,68b890e84fde027807268df5,false,false,Wed Sep 03 2025 19:03:04 GMT+0000 (Coordinated Universal Time),Wed Sep 03 2025 19:04:38 GMT+0000 (Coordinated Universal Time),Wed Sep 03 2025 19:36:16 GMT+0000 (Coordinated Universal Time),2021,"New York, New York, USA",Americas,,Yabu Pushelberg,false,Hotel,F&B,,,Yes,,Yes,taylor-sofa; blink-lounge-chair; conrad-shenzen-blink-bar-stool,
Pillows Grand Boutique Hotel,pillows-grand-boutique-hotel,68a38ed603dbf9348072fa59,66ec4fa5d4e30b5b222904a7,68b8915fd9dbc0ef4ca29008,false,false,Wed Sep 03 2025 19:05:03 GMT+0000 (Coordinated Universal Time),Wed Sep 03 2025 19:07:16 GMT+0000 (Coordinated Universal Time),Wed Sep 03 2025 19:36:16 GMT+0000 (Coordinated Universal Time),2022,"Amsterdam, Netherlands",Europe,,Studio Linse,false,Hotel,F&B,,,Yes,bespoke,Yes,no-image-ren-dining-chair; bund-lounge-chair,
Prelude - The Jay,prelude---the-jay,68a38ed603dbf9348072fa59,66ec4fa5d4e30b5b222904a7,68a4843d4bbc28c1c92a18f7,false,false,Tue Aug 19 2025 14:03:41 GMT+0000 (Coordinated Universal Time),Thu Sep 04 2025 19:30:10 GMT+0000 (Coordinated Universal Time),Thu Sep 04 2025 19:40:24 GMT+0000 (Coordinated Universal Time),2024,"San Francisco, California, USA",Americas,"Goodshop, Summa International",AvroKO,true,Hotel,F&B,,https://www.stellarworks-bespoke.com/projects/prelude,Yes,case-goods; soft-seating; banquettes,No,,https://cdn.prod.website-files.com/66ec4fa5d4e30b5b222904a8/68b07f8d1a53044a0d6db148_Prelude%20The%20Jay%20Project%20Image%2003.1.webp
Radisson Collection Royal Hotel,radisson-collection-royal-hotel,68a38ed603dbf9348072fa59,66ec4fa5d4e30b5b222904a7,68b892577a9d65d797d5f64a,false,false,Wed Sep 03 2025 19:09:11 GMT+0000 (Coordinated Universal Time),Wed Sep 03 2025 19:12:09 GMT+0000 (Coordinated Universal Time),Wed Sep 03 2025 19:36:16 GMT+0000 (Coordinated Universal Time),2018,"Copenhagen, Denmark",Europe,,Space Copenhagen,true,F&B,Hotel,,,Yes,bespoke,Yes,no-image-ren-dining-chair; conrad-shenzen-blink-bar-stool; exchange-dining-chair,https://cdn.prod.website-files.com/66ec4fa5d4e30b5b222904a8/68b892fd8585096ee325b6d1_16256-146621-f73028603_3xl.webp
Rosewood Beijing,rosewood-beijing,68a38ed603dbf9348072fa59,66ec4fa5d4e30b5b222904a7,68b8932cf6f9831aee77720d,false,false,Wed Sep 03 2025 19:12:44 GMT+0000 (Coordinated Universal Time),Wed Sep 03 2025 19:17:23 GMT+0000 (Coordinated Universal Time),Wed Sep 03 2025 19:36:16 GMT+0000 (Coordinated Universal Time),2015,"Beijing, China",Asia,,Bar Studio,false,F&B,,,,Yes,bespoke,No,,
Rosewood Phnom Penh,rosewood-phnom-penh,68a38ed603dbf9348072fa59,66ec4fa5d4e30b5b222904a7,68b89470fc8eb33bd7905834,false,false,Wed Sep 03 2025 19:18:08 GMT+0000 (Coordinated Universal Time),Thu Sep 04 2025 19:26:11 GMT+0000 (Coordinated Universal Time),Thu Sep 04 2025 19:40:24 GMT+0000 (Coordinated Universal Time),2018,"Phnom Penh, Cambodia",Asia,,Bar Studio,false,Hotel,,,,Yes,bespoke,Yes,lunar-collection; james-stool,
Serena,serena,68a38ed603dbf9348072fa59,66ec4fa5d4e30b5b222904a7,68b8957ab3e86e65aefd1c3c,false,false,Wed Sep 03 2025 19:22:34 GMT+0000 (Coordinated Universal Time),Wed Sep 03 2025 19:26:04 GMT+0000 (Coordinated Universal Time),Wed Sep 03 2025 19:36:16 GMT+0000 (Coordinated Universal Time),2021,"Miami, Florida, USA",Americas,,Saladina Design Studios,true,F&B,,,,Yes,bespoke,No,,https://cdn.prod.website-files.com/66ec4fa5d4e30b5b222904a8/68b896463c17dab86c301b4e_SDS_SHOT%202.webp
Shake Shack,shake-shack,68a38ed603dbf9348072fa59,66ec4fa5d4e30b5b222904a7,68b89671c24684c69c664f15,false,false,Wed Sep 03 2025 19:26:41 GMT+0000 (Coordinated Universal Time),Wed Sep 03 2025 19:29:59 GMT+0000 (Coordinated Universal Time),Wed Sep 03 2025 19:36:16 GMT+0000 (Coordinated Universal Time),2016,"New York, New York, USA",Americas,,Crème,true,F&B,,,,No,,Yes,exchange-dining-chair,https://cdn.prod.website-files.com/66ec4fa5d4e30b5b222904a8/68b8970d7bf34abdd89f6d85_shk36bw_0303.webp
Sheraton Denver,sheraton-denver,68a38ed603dbf9348072fa59,66ec4fa5d4e30b5b222904a7,68b89772bff81cbf31353cf3,false,false,Wed Sep 03 2025 19:30:58 GMT+0000 (Coordinated Universal Time),Tue Sep 09 2025 19:27:11 GMT+0000 (Coordinated Universal Time),Tue Sep 09 2025 19:56:42 GMT+0000 (Coordinated Universal Time),2021,"Denver, Colorado, USA",Americas,,Gensler,false,Hotel,,,,No,,Yes,qt-chair,
SingleThread,singlethread,68a38ed603dbf9348072fa59,66ec4fa5d4e30b5b222904a7,68a4a96cde993a9f075edc7c,false,false,Tue Aug 19 2025 16:42:20 GMT+0000 (Coordinated Universal Time),Thu Sep 04 2025 19:30:57 GMT+0000 (Coordinated Universal Time),Thu Sep 04 2025 19:40:24 GMT+0000 (Coordinated Universal Time),2016,"Healdsburg, Calfornia, USA",Americas,,AvroKO,true,F&B,,,https://www.stellarworks-bespoke.com/projects/singlethread,Yes,banquettes; case-goods; soft-seating,Yes,singlethread-lenox-dining-table; sloane-dining-armchair,https://cdn.prod.website-files.com/66ec4fa5d4e30b5b222904a8/68b08712eb8e1330ba29ec51_SingleThread%20Farms%20Restaurant%20Project%20Image%2001.webp
The Pinky Ring,the-pinky-ring-09wqa,68a38ed603dbf9348072fa59,66ec4fa5d4e30b5b222904a7,68a5fa78e86b312be2988696,false,false,Wed Aug 20 2025 16:40:24 GMT+0000 (Coordinated Universal Time),Thu Sep 04 2025 19:33:49 GMT+0000 (Coordinated Universal Time),Thu Sep 04 2025 19:40:24 GMT+0000 (Coordinated Universal Time),2024,"Las Vegas, Nevada, USA",Americas,Pro.cure,Yabu Pushelberg,true,F&B,Entertainment,,https://www.stellarworks-bespoke.com/projects/the-pinky-ring,Yes,case-goods; soft-seating,No,,https://cdn.prod.website-files.com/66ec4fa5d4e30b5b222904a8/68b087f1a5b82a5a6899a57a_Pinky%20Ring%20Bellagio%20Hotel%20Project%20Image%2002.webp
The Third Floor - The Jay,the-third-floor---the-jay,68a38ed603dbf9348072fa59,66ec4fa5d4e30b5b222904a7,68a39253a4477cc4196fef8f,false,false,Mon Aug 18 2025 20:51:31 GMT+0000 (Coordinated Universal Time),Thu Sep 04 2025 19:30:04 GMT+0000 (Coordinated Universal Time),Thu Sep 04 2025 19:40:24 GMT+0000 (Coordinated Universal Time),2023,"San Francisco, California, USA",Americas,"Goodshop, Summa International",AvroKO,true,Hotel,F&B,,https://www.stellarworks-bespoke.com/projects/the-third-floor,Yes,soft-seating; case-goods,Yes,sloane-dining-armchair; boyd-dining-table,https://cdn.prod.website-files.com/66ec4fa5d4e30b5b222904a8/68b07f9e43568de2c96b4b2a_The%20Third%20Floor%20The%20Jay%20Project%20Image%2003.webp
Torrisi,torrisi,68a38ed603dbf9348072fa59,66ec4fa5d4e30b5b222904a7,68c1bc1037f417a0addac0b3,false,false,Wed Sep 10 2025 17:57:36 GMT+0000 (Coordinated Universal Time),Wed Sep 10 2025 18:01:23 GMT+0000 (Coordinated Universal Time),Wed Sep 10 2025 18:08:15 GMT+0000 (Coordinated Universal Time),2022,"New York, New York, USA",Americas,Major Food Group,Garrett Singer,true,F&B,,,https://www.stellarworks-bespoke.com/projects/torrisi,Yes,case-goods; soft-seating,Yes,utility-dining-chair,https://cdn.prod.website-files.com/66ec4fa5d4e30b5b222904a8/68c1bc9188f705556a3746b3_Torrisi%20Project%20Image%2002.webp
